{"cameraMode":{"drawMode":0,"name":"Shaded","section":"Shading Mode"},"sceneLighting":true,"audioPlay":false,"sceneViewState":{"m_AlwaysRefresh":false,"showFog":true,"showSkybox":true,"showFlares":true,"showImageEffects":true,"showParticleSystems":true,"showVisualEffectGraphs":true,"m_FxEnabled":true},"in2DMode":false,"pivot":{"x":3.7674410343170168,"y":2.4284462928771974,"z":-4.354438781738281},"rotation":{"x":-0.1824304461479187,"y":0.35997992753982546,"z":-0.07203058153390885,"w":-0.9121487140655518},"size":3.5456526279449465,"orthographic":false}