{"cameraMode":{"drawMode":0,"name":"Shaded","section":"Shading Mode"},"sceneLighting":true,"audioPlay":false,"sceneViewState":{"m_AlwaysRefresh":false,"showFog":true,"showSkybox":true,"showFlares":true,"showImageEffects":true,"showParticleSystems":true,"showVisualEffectGraphs":true,"m_FxEnabled":true},"in2DMode":false,"pivot":{"x":1462.62158203125,"y":834.3024291992188,"z":-434.74566650390627},"rotation":{"x":0.03525373339653015,"y":0.15230099856853486,"z":-0.005697005428373814,"w":0.9879355430603027},"size":0.06499381363391876,"orthographic":false}