{"cameraMode":{"drawMode":0,"name":"Shaded","section":"Shading Mode"},"sceneLighting":true,"audioPlay":false,"sceneViewState":{"m_AlwaysRefresh":false,"showFog":true,"showSkybox":true,"showFlares":true,"showImageEffects":true,"showParticleSystems":true,"showVisualEffectGraphs":true,"m_FxEnabled":true},"in2DMode":false,"pivot":{"x":606.1564331054688,"y":327.273193359375,"z":137.71664428710938},"rotation":{"x":-0.11808070540428162,"y":0.018887117505073549,"z":-0.0022630272433161737,"w":-0.9928008317947388},"size":572.4126586914063,"orthographic":false}