{"cameraMode":{"drawMode":0,"name":"Shaded","section":"Shading Mode"},"sceneLighting":true,"audioPlay":false,"sceneViewState":{"m_AlwaysRefresh":false,"showFog":true,"showSkybox":true,"showFlares":true,"showImageEffects":true,"showParticleSystems":true,"showVisualEffectGraphs":true,"m_FxEnabled":true},"in2DMode":false,"pivot":{"x":-0.4039211869239807,"y":-0.6673331260681152,"z":7.392292499542236},"rotation":{"x":0.11157616972923279,"y":0.08004831522703171,"z":-0.009617543779313565,"w":0.9906160831451416},"size":6.789670467376709,"orthographic":false}