{"cameraMode":{"drawMode":0,"name":"Shaded","section":"Shading Mode"},"sceneLighting":true,"audioPlay":false,"sceneViewState":{"m_AlwaysRefresh":false,"showFog":true,"showSkybox":true,"showFlares":true,"showImageEffects":true,"showParticleSystems":true,"showVisualEffectGraphs":true,"m_FxEnabled":true},"in2DMode":false,"pivot":{"x":3.749166965484619,"y":3.122539520263672,"z":-4.390016555786133},"rotation":{"x":0.006903998088091612,"y":-0.8661978244781494,"z":-0.010902371257543564,"w":-0.5000097751617432},"size":0.7837274670600891,"orthographic":false}