{"cameraMode":{"drawMode":0,"name":"Shaded","section":"Shading Mode"},"sceneLighting":true,"audioPlay":false,"sceneViewState":{"m_AlwaysRefresh":false,"showFog":true,"showSkybox":true,"showFlares":true,"showImageEffects":true,"showParticleSystems":true,"showVisualEffectGraphs":true,"m_FxEnabled":true},"in2DMode":false,"pivot":{"x":-0.8928061127662659,"y":1.911483883857727,"z":-0.07935205101966858},"rotation":{"x":-0.1645171344280243,"y":-0.08266054838895798,"z":0.014682996086776257,"w":-0.9829199910163879},"size":0.1808476746082306,"orthographic":false}