{"cameraMode":{"drawMode":0,"name":"Shaded","section":"Shading Mode"},"sceneLighting":true,"audioPlay":false,"sceneViewState":{"m_AlwaysRefresh":false,"showFog":true,"showSkybox":true,"showFlares":true,"showImageEffects":true,"showParticleSystems":true,"showVisualEffectGraphs":true,"m_FxEnabled":true},"in2DMode":false,"pivot":{"x":1.77126944065094,"y":2.9702467918395998,"z":3.5957672595977785},"rotation":{"x":0.16512250900268556,"y":0.01984601840376854,"z":-0.0032538603991270067,"w":0.9861055016517639},"size":1.9054769277572632,"orthographic":false}