{"cameraMode":{"drawMode":0,"name":"Shaded","section":"Shading Mode"},"sceneLighting":false,"audioPlay":false,"sceneViewState":{"m_AlwaysRefresh":false,"showFog":true,"showSkybox":false,"showFlares":true,"showImageEffects":true,"showParticleSystems":true,"showVisualEffectGraphs":true,"m_FxEnabled":true},"in2DMode":false,"pivot":{"x":-0.386726975440979,"y":0.36394357681274416,"z":0.6067429184913635},"rotation":{"x":-0.029908837750554086,"y":0.8614856004714966,"z":0.5043181777000427,"w":0.051081813871860507},"size":2.188322067260742,"orthographic":false}