{"cameraMode":{"drawMode":0,"name":"Shaded","section":"Shading Mode"},"sceneLighting":false,"audioPlay":false,"sceneViewState":{"m_AlwaysRefresh":false,"showFog":true,"showSkybox":false,"showFlares":true,"showImageEffects":true,"showParticleSystems":true,"showVisualEffectGraphs":true,"m_FxEnabled":true},"in2DMode":false,"pivot":{"x":-0.10841494798660279,"y":0.7443008422851563,"z":-0.16605144739151},"rotation":{"x":0.0007858945755288005,"y":-0.8764621019363403,"z":-0.0014160764403641224,"w":-0.4814569354057312},"size":1.3901749849319459,"orthographic":false}